{
    "frame_0": {
        "x": 0,
        "y": 0,
        "width": 340.6,
        "height": 340.6
    },
    "frame_1": {
        "x": 340.6,
        "y": 0,
        "width": 340.6,
        "height": 340.6
    },
    "frame_2": {
        "x": 681.2,
        "y": 0,
        "width": 340.6,
        "height": 340.6
    },
    "frame_3": {
        "x": 1021.8000000000001,
        "y": 0,
        "width": 340.6,
        "height": 340.6
    },
    "frame_4": {
        "x": 1362.4,
        "y": 0,
        "width": 340.6,
        "height": 340.6
    },
    "frame_5": {
        "x": 1703,
        "y": 0,
        "width": 340.6,
        "height": 340.6
    },
    "frame_6": {
        "x": 2043.6000000000001,
        "y": 0,
        "width": 340.6,
        "height": 340.6
    },
    "frame_7": {
        "x": 2384.2000000000003,
        "y": 0,
        "width": 340.6,
        "height": 340.6
    },
    "frame_8": {
        "x": 2724.8,
        "y": 0,
        "width": 340.6,
        "height": 340.6
    },
    "frame_9": {
        "x": 0,
        "y": 340.6,
        "width": 340.6,
        "height": 340.6
    },
    "frame_10": {
        "x": 340.6,
        "y": 340.6,
        "width": 340.6,
        "height": 340.6
    },
    "frame_11": {
        "x": 681.2,
        "y": 340.6,
        "width": 340.6,
        "height": 340.6
    },
    "frame_12": {
        "x": 1021.8000000000001,
        "y": 340.6,
        "width": 340.6,
        "height": 340.6
    },
    "frame_13": {
        "x": 1362.4,
        "y": 340.6,
        "width": 340.6,
        "height": 340.6
    },
    "frame_14": {
        "x": 1703,
        "y": 340.6,
        "width": 340.6,
        "height": 340.6
    },
    "frame_15": {
        "x": 2043.6000000000001,
        "y": 340.6,
        "width": 340.6,
        "height": 340.6
    },
    "frame_16": {
        "x": 2384.2000000000003,
        "y": 340.6,
        "width": 340.6,
        "height": 340.6
    },
    "frame_17": {
        "x": 2724.8,
        "y": 340.6,
        "width": 340.6,
        "height": 340.6
    },
    "frame_18": {
        "x": 0,
        "y": 681.2,
        "width": 340.6,
        "height": 340.6
    },
    "frame_19": {
        "x": 340.6,
        "y": 681.2,
        "width": 340.6,
        "height": 340.6
    },
    "frame_20": {
        "x": 681.2,
        "y": 681.2,
        "width": 340.6,
        "height": 340.6
    },
    "frame_21": {
        "x": 1021.8000000000001,
        "y": 681.2,
        "width": 340.6,
        "height": 340.6
    },
    "frame_22": {
        "x": 1362.4,
        "y": 681.2,
        "width": 340.6,
        "height": 340.6
    },
    "frame_23": {
        "x": 1703,
        "y": 681.2,
        "width": 340.6,
        "height": 340.6
    },
    "frame_24": {
        "x": 2043.6000000000001,
        "y": 681.2,
        "width": 340.6,
        "height": 340.6
    },
    "frame_25": {
        "x": 2384.2000000000003,
        "y": 681.2,
        "width": 340.6,
        "height": 340.6
    },
    "frame_26": {
        "x": 2724.8,
        "y": 681.2,
        "width": 340.6,
        "height": 340.6
    },
    "frame_27": {
        "x": 0,
        "y": 1021.8000000000001,
        "width": 340.6,
        "height": 340.6
    },
    "frame_28": {
        "x": 340.6,
        "y": 1021.8000000000001,
        "width": 340.6,
        "height": 340.6
    },
    "frame_29": {
        "x": 681.2,
        "y": 1021.8000000000001,
        "width": 340.6,
        "height": 340.6
    },
    "frame_30": {
        "x": 1021.8000000000001,
        "y": 1021.8000000000001,
        "width": 340.6,
        "height": 340.6
    },
    "frame_31": {
        "x": 1362.4,
        "y": 1021.8000000000001,
        "width": 340.6,
        "height": 340.6
    },
    "frame_32": {
        "x": 1703,
        "y": 1021.8000000000001,
        "width": 340.6,
        "height": 340.6
    },
    "frame_33": {
        "x": 2043.6000000000001,
        "y": 1021.8000000000001,
        "width": 340.6,
        "height": 340.6
    },
    "frame_34": {
        "x": 2384.2000000000003,
        "y": 1021.8000000000001,
        "width": 340.6,
        "height": 340.6
    },
    "frame_35": {
        "x": 2724.8,
        "y": 1021.8000000000001,
        "width": 340.6,
        "height": 340.6
    },
    "frame_36": {
        "x": 0,
        "y": 1362.4,
        "width": 340.6,
        "height": 340.6
    },
    "frame_37": {
        "x": 340.6,
        "y": 1362.4,
        "width": 340.6,
        "height": 340.6
    },
    "frame_38": {
        "x": 681.2,
        "y": 1362.4,
        "width": 340.6,
        "height": 340.6
    },
    "frame_39": {
        "x": 1021.8000000000001,
        "y": 1362.4,
        "width": 340.6,
        "height": 340.6
    },
    "frame_40": {
        "x": 1362.4,
        "y": 1362.4,
        "width": 340.6,
        "height": 340.6
    },
    "frame_41": {
        "x": 1703,
        "y": 1362.4,
        "width": 340.6,
        "height": 340.6
    },
    "frame_42": {
        "x": 2043.6000000000001,
        "y": 1362.4,
        "width": 340.6,
        "height": 340.6
    },
    "frame_43": {
        "x": 2384.2000000000003,
        "y": 1362.4,
        "width": 340.6,
        "height": 340.6
    },
    "frame_44": {
        "x": 2724.8,
        "y": 1362.4,
        "width": 340.6,
        "height": 340.6
    },
    "frame_45": {
        "x": 0,
        "y": 1703,
        "width": 340.6,
        "height": 340.6
    },
    "frame_46": {
        "x": 340.6,
        "y": 1703,
        "width": 340.6,
        "height": 340.6
    },
    "frame_47": {
        "x": 681.2,
        "y": 1703,
        "width": 340.6,
        "height": 340.6
    },
    "frame_48": {
        "x": 1021.8000000000001,
        "y": 1703,
        "width": 340.6,
        "height": 340.6
    },
    "frame_49": {
        "x": 1362.4,
        "y": 1703,
        "width": 340.6,
        "height": 340.6
    },
    "frame_50": {
        "x": 1703,
        "y": 1703,
        "width": 340.6,
        "height": 340.6
    },
    "frame_51": {
        "x": 2043.6000000000001,
        "y": 1703,
        "width": 340.6,
        "height": 340.6
    },
    "frame_52": {
        "x": 2384.2000000000003,
        "y": 1703,
        "width": 340.6,
        "height": 340.6
    },
    "frame_53": {
        "x": 2724.8,
        "y": 1703,
        "width": 340.6,
        "height": 340.6
    },
    "frame_54": {
        "x": 0,
        "y": 2043.6000000000001,
        "width": 340.6,
        "height": 340.6
    },
    "frame_55": {
        "x": 340.6,
        "y": 2043.6000000000001,
        "width": 340.6,
        "height": 340.6
    },
    "frame_56": {
        "x": 681.2,
        "y": 2043.6000000000001,
        "width": 340.6,
        "height": 340.6
    },
    "frame_57": {
        "x": 1021.8000000000001,
        "y": 2043.6000000000001,
        "width": 340.6,
        "height": 340.6
    },
    "frame_58": {
        "x": 1362.4,
        "y": 2043.6000000000001,
        "width": 340.6,
        "height": 340.6
    },
    "frame_59": {
        "x": 1703,
        "y": 2043.6000000000001,
        "width": 340.6,
        "height": 340.6
    }
}